<?xml version="1.0" encoding="UTF-8"?>
<project-private xmlns="http://www.netbeans.org/ns/project-private/1">
    <editor-bookmarks xmlns="http://www.netbeans.org/ns/editor-bookmarks/1"/>
    <editor-bookmarks xmlns="http://www.netbeans.org/ns/editor-bookmarks/2" lastBookmarkId="0"/>
    <open-files xmlns="http://www.netbeans.org/ns/projectui-open-files/2">
        <group>
            <file>file:/C:/Users/C12903/Documents/Vitals%20Monitor%20Demo/Demo%20Code/Firmware%20Pulse%20Oximeter%20(dsPIC33FJ128GP802,%20Rev%203.1,%202-18-21)/version.h</file>
            <file>file:/C:/Users/C12903/Documents/Vitals%20Monitor%20Demo/Demo%20Code/Firmware%20Pulse%20Oximeter%20(dsPIC33FJ128GP802,%20Rev%203.1,%202-18-21)/Main.c</file>
        </group>
    </open-files>
</project-private>
